Workbook

Sheet Dim Customers
A1: Customer ID | B1: Customer Name | C1: City | D1: State | E1: Pincode | F1: EmailID | G1: Phone Number
A2: 1 | B2: Aarav Singh | C2: Nagpur | D2: Maharashtra | E2: 440001 | F2: 1Aarav@gmail.com | G2: 860135097
A3: 2 | B3: Aditi Patel | C3: Bhopal | D3: Madhya Pradesh | E3: 462001 | F3: 2Aditi@gmail.com | G3: 896750475
A4: 3 | B4: Aman Verma | C4: Ahmedabad | D4: Gujarat | E4: 380001 | F4: 3Aman@gmail.com | G4: 833807373
A5: 4 | B5: Ananya Mehta | C5: Bhopal | D5: Madhya Pradesh | E5: 462001 | F5: 4Ananya@gmail.com | G5: 804038105
A6: 5 | B6: Aniket Sharma | C6: Indore | D6: Madhya Pradesh | E6: 452001 | F6: 5Aniket@gmail.com | G6: 986307349
A7: 6 | B7: Anjali Rao | C7: Bhopal | D7: Madhya Pradesh | E7: 462001 | F7: 6Anjali@gmail.com | G7: 963288063
A8: 7 | B8: Arjun Joshi | C8: Kanpur | D8: Uttar Pradesh | E8: 208001 | F8: 7Arjun@gmail.com | G8: 988368456
A9: 8 | B9: Aryan Gupta | C9: Mumbai | D9: Maharashtra | E9: 400001 | F9: 8Aryan@gmail.com | G9: 953821775
A10: 9 | B10: Avni Iyer | C10: Kanpur | D10: Uttar Pradesh | E10: 208001 | F10: 9Avni@gmail.com | G10: 863732487
A11: 10 | B11: Dhruv Desai | C11: Pune | D11: Maharashtra | E11: 411001 | F11: 10Dhruv@gmail.com | G11: 900051106
A12: 11 | B12: Diya Kapoor | C12: Mumbai | D12: Maharashtra | E12: 400001 | F12: 11Diya@gmail.com | G12: 845767347
A13: 12 | B13: Gaurav Nair | C13: Pune | D13: Maharashtra | E13: 411001 | F13: 12Gaurav@gmail.com | G13: 882241217
... A51: 50 | B51: Yash Malhotra | C51: Lucknow | D51: Uttar Pradesh | E51: 226001 | F51: 50Yash@gmail.com | G51: 910695779

Sheet Dim Product
A1: ProductID | B1: Product Name | C1: Product Line | D1: Price (INR)
A2: P001 | B2: Apple iPhone 14 | C2: Electronics | D2: 79999
A3: P002 | B3: Samsung Galaxy S21 | C3: Electronics | D3: 69999
A4: P003 | B4: Sony Bravia 55" TV | C4: Electronics | D4: 89999
A5: P004 | B5: HP Pavilion Laptop | C5: Electronics | D5: 64999
A6: P005 | B6: Apple MacBook Air | C6: Electronics | D6: 92499
A7: P006 | B7: Nike Running Shoes | C7: Footwear | D7: 7499
A8: P007 | B8: Adidas Sneakers | C8: Footwear | D8: 6999
A9: P008 | B9: Puma Sports Shoes | C9: Footwear | D9: 5499
A10: P009 | B10: Levi's Denim Jeans | C10: Clothing | D10: 3499
A11: P010 | B11: Zara Casual Shirt | C11: Clothing | D11: 2199
A12: P011 | B12: H&M T-Shirt | C12: Clothing | D12: 1499
A13: P012 | B13: FabIndia Kurta | C13: Clothing | D13: 2999
... A31: P030 | B31: Nivea Body Lotion | C31: Personal Care | D31: 399

Sheet Dim Promotion 
A1: PromotionID | B1: Promotion Name | C1: Ad Type | D1: Coupon Code | E1: Price Reduction Type
A2: PR001 | B2: Summer Sale | C2: Email | D2: SUMMER21 | E2: 20% off
A3: PR002 | B3: Festive Diwali | C3: Social Media | D3: FESTIVE2022 | E3: 10% off
A4: PR003 | B4: New Year Special | C4: Website Banner | D4: NEWYEAR22 | E4: Buy 1 Get 1 Free
A5: PR004 | B5: Weekend Flash Sale | C5: Mobile Push | D5: FLASH50 | E5: 50% off
A6: PR005 | B6: Clearance Sale | C6: In-App | D6: CLEARANCE23 | E6: 70% off

Sheet Sheet3
A1: Date (dd/mm/yyyy) | B1: CustomerID | C1: PromotionID | D1: Product ID | E1: Units Sold | F1: Price Per Unit | G1: Total Sales | H1: Discount Percentage | I1: Discount Value | J1: Net Sales
A2: 43865 | B2: 10 | C2: 0 | D2: P004 | E2: 2 | F2: =E2*'Dim Product'!D2 -> 159998 | G2: =E2*F2 -> 319996
A3: 44700 | B3: 28 | C3: PR001 | D3: P027 | E3: 3 | F3: =E3*'Dim Product'!D3 -> 209997 | G3: =E3*F3 -> 629991
A4: 44743 | B4: 2 | C4: 0 | D4: P011 | E4: 3 | F4: =E4*'Dim Product'!D4 -> 269997 | G4: =E4*F4 -> 809991
A5: 44657 | B5: 11 | C5: PR001 | D5: P009 | E5: 2 | F5: =E5*'Dim Product'!D5 -> 129998 | G5: =E5*F5 -> 259996
A6: 44563 | B6: 34 | C6: 0 | D6: P002 | E6: 1 | F6: =E6*'Dim Product'!D6 -> 92499 | G6: =E6*F6 -> 92499
A7: 44968 | B7: 44 | C7: 0 | D7: P019 | E7: 1 | F7: =E7*'Dim Product'!D7 -> 7499 | G7: =E7*F7 -> 7499
A8: 45122 | B8: 42 | C8: PR004 | D8: P014 | E8: 2 | F8: =E8*'Dim Product'!D8 -> 13998 | G8: =E8*F8 -> 27996
A9: 44224 | B9: 46 | C9: 0 | D9: P025 | E9: 1 | F9: =E9*'Dim Product'!D9 -> 5499 | G9: =E9*F9 -> 5499
A10: 44706 | B10: 21 | C10: PR001 | D10: P019 | E10: 2 | F10: =E10*'Dim Product'!D10 -> 6998 | G10: =E10*F10 -> 13996
A11: 45071 | B11: 48 | C11: PR001 | D11: P005 | E11: 3 | F11: =E11*'Dim Product'!D11 -> 6597 | G11: =E11*F11 -> 19791
A12: 45202 | B12: 18 | C12: 0 | D12: P001 | E12: 1 | F12: =E12*'Dim Product'!D12 -> 1499 | G12: =E12*F12 -> 1499
A13: 44066 | B13: 28 | C13: 0 | D13: P010 | E13: 2 | F13: =E13*'Dim Product'!D13 -> 5998 | G13: =E13*F13 -> 11996
A14: 45075 | B14: 17 | C14: PR001 | D14: P002 | E14: 3 | F14: =E14*'Dim Product'!D14 -> 47997 | G14: =E14*F14 -> 143991
A15: 45115 | B15: 28 | C15: PR004 | D15: P002 | E15: 3 | F15: =E15*'Dim Product'!D15 -> 14997 | G15: =E15*F15 -> 44991
A16: 44908 | B16: 23 | C16: 0 | D16: P002 | E16: 3 | F16: =E16*'Dim Product'!D16 -> 25497 | G16: =E16*F16 -> 76491
A17: 44147 | B17: 8 | C17: 0 | D17: P029 | E17: 1 | F17: =E17*'Dim Product'!D17 -> 24999 | G17: =E17*F17 -> 24999
A18: 44910 | B18: 41 | C18: 0 | D18: P022 | E18: 3 | F18: =E18*'Dim Product'!D18 -> 31497 | G18: =E18*F18 -> 94491
A19: 44562 | B19: 48 | C19: PR003 | D19: P011 | E19: 3 | F19: =E19*'Dim Product'!D19 -> 6897 | G19: =E19*F19 -> 20691
A20: 44105 | B20: 12 | C20: 0 | D20: P010 | E20: 1 | F20: =E20*'Dim Product'!D20 -> 5999 | G20: =E20*F20 -> 5999
A21: 44508 | B21: 40 | C21: 0 | D21: P012 | E21: 1 | F21: =E21*'Dim Product'!D21 -> 12999 | G21: =E21*F21 -> 12999
A22: 44001 | B22: 31 | C22: 0 | D22: P016 | E22: 3 | F22: =E22*'Dim Product'!D22 -> 3897 | G22: =E22*F22 -> 11691
A23: 44399 | B23: 6 | C23: 0 | D23: P023 | E23: 3 | F23: =E23*'Dim Product'!D23 -> 5997 | G23: =E23*F23 -> 17991
A24: 44959 | B24: 25 | C24: 0 | D24: P029 | E24: 2 | F24: =E24*'Dim Product'!D24 -> 2998 | G24: =E24*F24 -> 5996
A25: 44599 | B25: 27 | C25: 0 | D25: P028 | E25: 2 | F25: =E25*'Dim Product'!D25 -> 5598 | G25: =E25*F25 -> 11196
A26: 43919 | B26: 31 | C26: 0 | D26: P008 | E26: 2 | F26: =E26*'Dim Product'!D26 -> 17998 | G26: =E26*F26 -> 35996
A27: 44247 | B27: 40 | C27: 0 | D27: P013 | E27: 1 | F27: =E27*'Dim Product'!D27 -> 5499 | G27: =E27*F27 -> 5499
A28: 43947 | B28: 3 | C28: PR001 | D28: P005 | E28: 3 | F28: =E28*'Dim Product'!D28 -> 2097 | G28: =E28*F28 -> 6291
A29: 44931 | B29: 44 | C29: 0 | D29: P016 | E29: 2 | F29: =E29*'Dim Product'!D29 -> 698 | G29: =E29*F29 -> 1396
A30: 44630 | B30: 2 | C30: 0 | D30: P010 | E30: 3 | F30: =E30*'Dim Product'!D30 -> 297 | G30: =E30*F30 -> 891
A31: 44304 | B31: 17 | C31: PR001 | D31: P017 | E31: 1 | F31: =E31*'Dim Product'!D31 -> 399 | G31: =E31*F31 -> 399
A32: 43860 | B32: 1 | C32: 0 | D32: P018 | E32: 1 | F32: =E32*'Dim Product'!D32 -> 0 | G32: =E32*F32 -> 0
A33: 44332 | B33: 43 | C33: PR001 | D33: P001 | E33: 3 | F33: =E33*'Dim Product'!D33 -> 0 | G33: =E33*F33 -> 0
A34: 43881 | B34: 24 | C34: 0 | D34: P020 | E34: 2 | F34: =E34*'Dim Product'!D34 -> 0 | G34: =E34*F34 -> 0
A35: 44071 | B35: 14 | C35: 0 | D35: P017 | E35: 3 | F35: =E35*'Dim Product'!D35 -> 0 | G35: =E35*F35 -> 0
A36: 44616 | B36: 20 | C36: 0 | D36: P013 | E36: 3 | F36: =E36*'Dim Product'!D36 -> 0 | G36: =E36*F36 -> 0
A37: 44092 | B37: 14 | C37: 0 | D37: P025 | E37: 2 | F37: =E37*'Dim Product'!D37 -> 0 | G37: =E37*F37 -> 0
A38: 44016 | B38: 49 | C38: PR004 | D38: P023 | E38: 1 | F38: =E38*'Dim Product'!D38 -> 0 | G38: =E38*F38 -> 0
A39: 44357 | B39: 31 | C39: 0 | D39: P014 | E39: 1 | F39: =E39*'Dim Product'!D39 -> 0 | G39: =E39*F39 -> 0
A40: 45291 | B40: 29 | C40: PR005 | D40: P018 | E40: 1 | F40: =E40*'Dim Product'!D40 -> 0 | G40: =E40*F40 -> 0
A41: 44368 | B41: 43 | C41: 0 | D41: P020 | E41: 3 | F41: =E41*'Dim Product'!D41 -> 0 | G41: =E41*F41 -> 0
A42: 44813 | B42: 11 | C42: 0 | D42: P020 | E42: 3 | F42: =E42*'Dim Product'!D42 -> 0 | G42: =E42*F42 -> 0
A43: 44458 | B43: 27 | C43: 0 | D43: P023 | E43: 3 | F43: =E43*'Dim Product'!D43 -> 0 | G43: =E43*F43 -> 0
A44: 44461 | B44: 18 | C44: 0 | D44: P016 | E44: 1 | F44: =E44*'Dim Product'!D44 -> 0 | G44: =E44*F44 -> 0
A45: 44684 | B45: 9 | C45: PR001 | D45: P004 | E45: 2 | F45: =E45*'Dim Product'!D45 -> 0 | G45: =E45*F45 -> 0
A46: 45291 | B46: 33 | C46: PR005 | D46: P019 | E46: 3 | F46: =E46*'Dim Product'!D46 -> 0 | G46: =E46*F46 -> 0
A47: 44864 | B47: 42 | C47: 0 | D47: P017 | E47: 1 | F47: =E47*'Dim Product'!D47 -> 0 | G47: =E47*F47 -> 0
A48: 44658 | B48: 17 | C48: PR001 | D48: P010 | E48: 1 | F48: =E48*'Dim Product'!D48 -> 0 | G48: =E48*F48 -> 0
A49: 44654 | B49: 32 | C49: PR001 | D49: P008 | E49: 1 | F49: =E49*'Dim Product'!D49 -> 0 | G49: =E49*F49 -> 0
A50: 44044 | B50: 24 | C50: 0 | D50: P023 | E50: 3 | F50: =E50*'Dim Product'!D50 -> 0 | G50: =E50*F50 -> 0
A51: 44601 | B51: 25 | C51: 0 | D51: P002 | E51: 1 | F51: =E51*'Dim Product'!D51 -> 0 | G51: =E51*F51 -> 0
A52: 45242 | B52: 32 | C52: 0 | D52: P010 | E52: 2 | F52: =E52*'Dim Product'!D52 -> 0 | G52: =E52*F52 -> 0
A53: 44918 | B53: 35 | C53: 0 | D53: P028 | E53: 2 | F53: =E53*'Dim Product'!D53 -> 0 | G53: =E53*F53 -> 0
A54: 44815 | B54: 10 | C54: 0 | D54: P019 | E54: 1 | F54: =E54*'Dim Product'!D54 -> 0 | G54: =E54*F54 -> 0
A55: 44220 | B55: 3 | C55: 0 | D55: P002 | E55: 3 | F55: =E55*'Dim Product'!D55 -> 0 | G55: =E55*F55 -> 0
A56: 44823 | B56: 49 | C56: 0 | D56: P007 | E56: 3 | F56: =E56*'Dim Product'!D56 -> 0 | G56: =E56*F56 -> 0
A57: 45172 | B57: 42 | C57: 0 | D57: P007 | E57: 1 | F57: =E57*'Dim Product'!D57 -> 0 | G57: =E57*F57 -> 0
A58: 45176 | B58: 16 | C58: 0 | D58: P018 | E58: 2 | F58: =E58*'Dim Product'!D58 -> 0 | G58: =E58*F58 -> 0
A59: 44986 | B59: 46 | C59: 0 | D59: P026 | E59: 3 | F59: =E59*'Dim Product'!D59 -> 0 | G59: =E59*F59 -> 0
A60: 43872 | B60: 1 | C60: 0 | D60: P011 | E60: 3 | F60: =E60*'Dim Product'!D60 -> 0 | G60: =E60*F60 -> 0
A61: 44710 | B61: 4 | C61: PR001 | D61: P018 | E61: 3 | F61: =E61*'Dim Product'!D61 -> 0 | G61: =E61*F61 -> 0
A62: 43936 | B62: 18 | C62: PR001 | D62: P023 | E62: 3 | F62: =E62*'Dim Product'!D62 -> 0 | G62: =E62*F62 -> 0
A63: 45108 | B63: 7 | C63: PR004 | D63: P013 | E63: 3 | F63: =E63*'Dim Product'!D63 -> 0 | G63: =E63*F63 -> 0
A64: 44524 | B64: 19 | C64: 0 | D64: P022 | E64: 3 | F64: =E64*'Dim Product'!D64 -> 0 | G64: =E64*F64 -> 0
A65: 45145 | B65: 45 | C65: 0 | D65: P009 | E65: 1 | F65: =E65*'Dim Product'!D65 -> 0 | G65: =E65*F65 -> 0
A66: 45201 | B66: 33 | C66: 0 | D66: P021 | E66: 3 | F66: =E66*'Dim Product'!D66 -> 0 | G66: =E66*F66 -> 0
A67: 45057 | B67: 13 | C67: PR001 | D67: P009 | E67: 3 | F67: =E67*'Dim Product'!D67 -> 0 | G67: =E67*F67 -> 0
A68: 45063 | B68: 47 | C68: PR001 | D68: P019 | E68: 1 | F68: =E68*'Dim Product'!D68 -> 0 | G68: =E68*F68 -> 0
A69: 44741 | B69: 44 | C69: 0 | D69: P021 | E69: 1 | F69: =E69*'Dim Product'!D69 -> 0 | G69: =E69*F69 -> 0
A70: 45201 | B70: 35 | C70: 0 | D70: P028 | E70: 1 | F70: =E70*'Dim Product'!D70 -> 0 | G70: =E70*F70 -> 0
A71: 43834 | B71: 34 | C71: 0 | D71: P023 | E71: 2 | F71: =E71*'Dim Product'!D71 -> 0 | G71: =E71*F71 -> 0
A72: 43958 | B72: 20 | C72: PR001 | D72: P023 | E72: 3 | F72: =E72*'Dim Product'!D72 -> 0 | G72: =E72*F72 -> 0
A73: 45291 | B73: 2 | C73: PR005 | D73: P030 | E73: 1 | F73: =E73*'Dim Product'!D73 -> 0 | G73: =E73*F73 -> 0
A74: 45129 | B74: 20 | C74: PR004 | D74: P029 | E74: 2 | F74: =E74*'Dim Product'!D74 -> 0 | G74: =E74*F74 -> 0
A75: 44575 | B75: 6 | C75: 0 | D75: P010 | E75: 1 | F75: =E75*'Dim Product'!D75 -> 0 | G75: =E75*F75 -> 0
A76: 45030 | B76: 14 | C76: PR001 | D76: P029 | E76: 2 | F76: =E76*'Dim Product'!D76 -> 0 | G76: =E76*F76 -> 0
A77: 44513 | B77: 10 | C77: 0 | D77: P018 | E77: 3 | F77: =E77*'Dim Product'!D77 -> 0 | G77: =E77*F77 -> 0
A78: 43856 | B78: 48 | C78: 0 | D78: P021 | E78: 1 | F78: =E78*'Dim Product'!D78 -> 0 | G78: =E78*F78 -> 0
A79: 44434 | B79: 32 | C79: 0 | D79: P026 | E79: 3 | F79: =E79*'Dim Product'!D79 -> 0 | G79: =E79*F79 -> 0
A80: 44562 | B80: 32 | C80: PR003 | D80: P024 | E80: 3 | F80: =E80*'Dim Product'!D80 -> 0 | G80: =E80*F80 -> 0
A81: 44642 | B81: 35 | C81: 0 | D81: P024 | E81: 1 | F81: =E81*'Dim Product'!D81 -> 0 | G81: =E81*F81 -> 0
A82: 44499 | B82: 26 | C82: 0 | D82: P021 | E82: 3 | F82: =E82*'Dim Product'!D82 -> 0 | G82: =E82*F82 -> 0
A83: 43987 | B83: 24 | C83: 0 | D83: P006 | E83: 2 | F83: =E83*'Dim Product'!D83 -> 0 | G83: =E83*F83 -> 0
A84: 44691 | B84: 6 | C84: PR001 | D84: P004 | E84: 1 | F84: =E84*'Dim Product'!D84 -> 0 | G84: =E84*F84 -> 0
A85: 45084 | B85: 17 | C85: 0 | D85: P017 | E85: 1 | F85: =E85*'Dim Product'!D85 -> 0 | G85: =E85*F85 -> 0
A86: 44552 | B86: 38 | C86: 0 | D86: P007 | E86: 2 | F86: =E86*'Dim Product'!D86 -> 0 | G86: =E86*F86 -> 0
A87: 45291 | B87: 2 | C87: PR005 | D87: P016 | E87: 2 | F87: =E87*'Dim Product'!D87 -> 0 | G87: =E87*F87 -> 0
A88: 43889 | B88: 1 | C88: 0 | D88: P010 | E88: 2 | F88: =E88*'Dim Product'!D88 -> 0 | G88: =E88*F88 -> 0
A89: 44942 | B89: 14 | C89: 0 | D89: P007 | E89: 2 | F89: =E89*'Dim Product'!D89 -> 0 | G89: =E89*F89 -> 0
A90: 45221 | B90: 44 | C90: 0 | D90: P030 | E90: 1 | F90: =E90*'Dim Product'!D90 -> 0 | G90: =E90*F90 -> 0
A91: 44636 | B91: 18 | C91: 0 | D91: P017 | E91: 1 | F91: =E91*'Dim Product'!D91 -> 0 | G91: =E91*F91 -> 0
A92: 44430 | B92: 15 | C92: 0 | D92: P026 | E92: 2 | F92: =E92*'Dim Product'!D92 -> 0 | G92: =E92*F92 -> 0
A93: 44488 | B93: 8 | C93: 0 | D93: P027 | E93: 1 | F93: =E93*'Dim Product'!D93 -> 0 | G93: =E93*F93 -> 0
A94: 45036 | B94: 19 | C94: PR001 | D94: P007 | E94: 2 | F94: =E94*'Dim Product'!D94 -> 0 | G94: =E94*F94 -> 0
A95: 45025 | B95: 13 | C95: PR001 | D95: P018 | E95: 2 | F95: =E95*'Dim Product'!D95 -> 0 | G95: =E95*F95 -> 0
A96: 45290 | B96: 36 | C96: PR005 | D96: P022 | E96: 2 | F96: =E96*'Dim Product'!D96 -> 0 | G96: =E96*F96 -> 0
A97: 43952 | B97: 30 | C97: PR001 | D97: P026 | E97: 2 | F97: =E97*'Dim Product'!D97 -> 0 | G97: =E97*F97 -> 0
A98: 45248 | B98: 28 | C98: 0 | D98: P028 | E98: 3 | F98: =E98*'Dim Product'!D98 -> 0 | G98: =E98*F98 -> 0
A99: 44256 | B99: 8 | C99: 0 | D99: P018 | E99: 3 | F99: =E99*'Dim Product'!D99 -> 0 | G99: =E99*F99 -> 0
A100: 44257 | B100: 45 | C100: 0 | D100: P017 | E100: 2 | F100: =E100*'Dim Product'!D100 -> 0 | G100: =E100*F100 -> 0
...
